<?xml version="1.0" encoding="UTF-8"?>
<!DOCTYPE mapper PUBLIC "-//mybatis.org//DTD Mapper 3.0//EN"
        "http://mybatis.org/dtd/mybatis-3-mapper.dtd">
<mapper namespace="com.bmw.seckill.dao.SeckillOrderDao">

    <resultMap id="SeckillOrder" type="com.bmw.seckill.model.SeckillOrder">
        <result column="user_id" property="userId"/>
        <result column="product_id" property="productId"/>
        <result column="product_name" property="productName"/>
        <result column="create_time" property="createTime"/>
    </resultMap>

    <!-- 通用查询结果列-->
    <sql id="Base_Column_List">
        id
        ,
        user_id,
        product_id,
        product_name,
        create_time
    </sql>

    <!-- 查询（根据主键ID查询） -->
    <select id="selectByPrimaryKey" resultMap="SeckillOrder" parameterType="java.lang.Long">
        SELECT
        <include refid="Base_Column_List"/>
        FROM seckill_order
        WHERE id = #{id}
    </select>

    <!--删除：根据主键ID删除-->
    <delete id="deleteByPrimaryKey" parameterType="java.lang.Long">
        DELETE
        FROM seckill_order
        WHERE id = #{id}
    </delete>

    <!-- 添加 -->
    <insert id="insert" parameterType="com.bmw.seckill.model.SeckillOrder">
        INSERT INTO seckill_order
        (
        id,
        user_id,
        product_id,
        product_name,
        create_time
        )
        VALUES
        (
        #{id},
        #{userId},
        #{productId},
        #{productName},
        #{createTime}
        )
        <selectKey keyProperty="id" resultType="Long" order="AFTER">
            select LAST_INSERT_ID()
        </selectKey>
    </insert>

    <!-- 修 改-->
    <update id="updateByPrimaryKeySelective" parameterType="com.bmw.seckill.model.SeckillOrder">
        UPDATE seckill_order
        <set>
            <if test="userId != null">
                user_id = #{userId},
            </if>
            <if test="productId != null">
                product_id = #{productId},
            </if>
            <if test="productName != null and productName != ''">
                product_name = #{productName},
            </if>
            <if test="createTime != null">
                create_time = #{createTime},
            </if>

        </set>
        WHERE id = #{id}
    </update>

    <!-- list4Page 分页查询-->
    <select id="list4Page" resultMap="SeckillOrder">
        SELECT
        <include refid="Base_Column_List"/>
        from seckill_order
        where 1=1
        <if test="record.id != null">
            and id = #{record.id}
        </if>
        <if test="record.userId != null">
            and user_id = #{record.userId}
        </if>
        <if test="record.productId != null">
            and product_id = #{record.productId}
        </if>
        <if test="record.productName != null and record.productName != ''">
            and product_name = #{record.productName}
        </if>
        <if test="record.createTime != null">
            and create_time = #{record.createTime}
        </if>
        <if test="commonQueryParam != null">
            <if test="commonQueryParam.order != null ">
                order by #{commonQueryParam.order}
                <if test="commonQueryParam.sort != null ">#{commonQueryParam.sort}</if>
            </if>
            <if test="commonQueryParam.start != null  and commonQueryParam.pageSize != null">
                limit #{commonQueryParam.start}, #{commonQueryParam.pageSize}
            </if>
        </if>
    </select>
    <!-- count 总数-->
    <select id="count" resultType="int">
        SELECT
        count(1)
        from seckill_order
        where 1=1
        <if test="id != null">
            and id = #{id}
        </if>
        <if test="userId != null">
            and user_id = #{userId}
        </if>
        <if test="productId != null">
            and product_id = #{productId}
        </if>
        <if test="productName != null and productName != ''">
            and product_name = #{productName}
        </if>
        <if test="createTime != null">
            and create_time = #{createTime}
        </if>
    </select>
    <!-- list 查询-->
    <select id="list" resultMap="SeckillOrder">
        SELECT
        <include refid="Base_Column_List"/>
        from seckill_order
        where 1=1
        <if test="id != null">
            and id = #{id}
        </if>
        <if test="userId != null">
            and user_id = #{userId}
        </if>
        <if test="productId != null">
            and product_id = #{productId}
        </if>
        <if test="productName != null and productName != ''">
            and product_name = #{productName}
        </if>
        <if test="createTime != null">
            and create_time = #{createTime}
        </if>
    </select>
    <select id="listRepeatOrdersForUpdate" resultMap="SeckillOrder">
        select
        <include refid="Base_Column_List"/>
        from
        seckill_order
        where
        product_id = #{productId}
        and
        user_id = #{userId}
        for update
    </select>
</mapper>