<?xml version="1.0" encoding="UTF-8"?>
<!DOCTYPE mapper PUBLIC "-//mybatis.org//DTD Mapper 3.0//EN" 
    "http://mybatis.org/dtd/mybatis-3-mapper.dtd">
<mapper namespace="com.bmw.seckill.dao.SeckillUserDao">

	<resultMap id="SeckillUser" type="com.bmw.seckill.model.SeckillUser" >
		<result column="name" property="name"/>
		<result column="phone" property="phone"/>
		<result column="create_time" property="createTime"/>
		<result column="is_deleted" property="isDeleted"/>
	</resultMap>

	<!-- 通用查询结果列-->
	<sql id="Base_Column_List">
		id,
		name,
		phone,
		create_time,
		is_deleted
	</sql>

	<!-- 查询（根据主键ID查询） -->
	<select id="selectByPrimaryKey" resultMap="SeckillUser" parameterType="java.lang.Long">
		 SELECT
		 <include refid="Base_Column_List" />
		 FROM seckill_user
		 WHERE id = #{id}
	</select>

	<!--删除：根据主键ID删除-->
	<delete id="deleteByPrimaryKey" parameterType="java.lang.Long">
		 DELETE FROM seckill_user
		 WHERE id = #{id}
	</delete>

	<!-- 添加 -->
	<insert id="insert" parameterType="com.bmw.seckill.model.SeckillUser" >
		 INSERT INTO seckill_user
 		(
			 id,
			 name,
			 phone,
			 create_time,
			 is_deleted
		) 
		 VALUES 
 		(
			 #{id},
			 #{name},
			 #{phone},
			 #{createTime},
			 #{isDeleted}
 		) 
		 <selectKey keyProperty="id" resultType="Long" order="AFTER">
			 select LAST_INSERT_ID()
		 </selectKey>
	</insert>

	<!-- 修 改-->
	<update id="updateByPrimaryKeySelective" parameterType="com.bmw.seckill.model.SeckillUser" >
		 UPDATE seckill_user
 		 <set> 
			<if test="name != null and name != ''">
				 name = #{name},
			</if>
			<if test="phone != null and phone != ''">
				 phone = #{phone},
			</if>
			<if test="createTime != null">
				 create_time = #{createTime},
			</if>
			<if test="isDeleted != null">
				 is_deleted = #{isDeleted},
			</if>

 		 </set>
		 WHERE id = #{id}
	</update>

	<!-- list4Page 分页查询-->
	<select id="list4Page" resultMap="SeckillUser">
		 SELECT 
		 <include refid="Base_Column_List" />
		 from seckill_user
 		 where 1=1  
		<if test="record.id != null">
			 and id = #{record.id} 
		</if>
		<if test="record.name != null and record.name != ''">
			 and name = #{record.name} 
		</if>
		<if test="record.phone != null and record.phone != ''">
			 and phone = #{record.phone} 
		</if>
		<if test="record.createTime != null">
			 and create_time = #{record.createTime} 
		</if>
		<if test="record.isDeleted != null">
			 and is_deleted = #{record.isDeleted} 
		</if>
		<if test="commonQueryParam != null">
			<if test="commonQueryParam.order != null ">
				 order by #{commonQueryParam.order}			<if test="commonQueryParam.sort != null ">				 #{commonQueryParam.sort}			</if>
			</if>
			<if test="commonQueryParam.start != null  and commonQueryParam.pageSize != null">
				 limit #{commonQueryParam.start}, #{commonQueryParam.pageSize}
			</if>
		</if>
	</select>
	<!-- count 总数-->
	<select id="count" resultType="int">
		 SELECT 
		 count(1) 
		 from seckill_user
 		 where 1=1  
		<if test="id != null">
			 and id = #{id} 
		</if>
		<if test="name != null and name != ''">
			 and name = #{name} 
		</if>
		<if test="phone != null and phone != ''">
			 and phone = #{phone} 
		</if>
		<if test="createTime != null">
			 and create_time = #{createTime} 
		</if>
		<if test="isDeleted != null">
			 and is_deleted = #{isDeleted} 
		</if>
	</select>
	<!-- list 查询-->
	<select id="list" resultMap="SeckillUser">
		 SELECT 
		 <include refid="Base_Column_List" />
		 from seckill_user
 		 where 1=1  
		<if test="id != null">
			 and id = #{id} 
		</if>
		<if test="name != null and name != ''">
			 and name = #{name} 
		</if>
		<if test="phone != null and phone != ''">
			 and phone = #{phone} 
		</if>
		<if test="createTime != null">
			 and create_time = #{createTime} 
		</if>
		<if test="isDeleted != null">
			 and is_deleted = #{isDeleted} 
		</if>
	</select>
</mapper>